YYMM,CC-CODE,CC-DESC,RCODE-CODE,RCODE-DESC,CCAATT-CODE,CCAATT-DESC,CCAATTMM-CODE,CCAATTMM-DESC,MALE,FEMALE,TOTAL,HOUSE
5612,10,กรุงเทพมหานคร,1001,พระนคร,0, ,0, ,"27,279","29,405","56,684","19,257"
5612,10,กรุงเทพมหานคร,1002,ดุสิต,0, ,0, ,"57,158","49,653","106,811","32,082"
5612,10,กรุงเทพมหานคร,1003,หนองจอก,0, ,0, ,"77,988","81,974","159,962","54,857"
5612,10,กรุงเทพมหานคร,1004,บางรัก,0, ,0, ,"21,792","24,322","46,114","26,777"
5612,10,กรุงเทพมหานคร,1005,บางเขน,0, ,0, ,"91,208","99,336","190,544","95,741"
5612,10,กรุงเทพมหานคร,1006,บางกะปิ,0, ,0, ,"67,959","81,097","149,056","95,265"
5612,10,กรุงเทพมหานคร,1007,ปทุมวัน,0, ,0, ,"24,300","28,313","52,613","26,970"
5612,10,กรุงเทพมหานคร,1008,ป้อมปราบศัตรูพ่าย,0, ,0, ,"24,342","25,750","50,092","19,529"
5612,10,กรุงเทพมหานคร,1009,พระโขนง,0, ,0, ,"42,767","50,007","92,774","45,125"
5612,10,กรุงเทพมหานคร,1010,มีนบุรี,0, ,0, ,"65,517","73,144","138,661","53,584"
5612,10,กรุงเทพมหานคร,1011,ลาดกระบัง,0, ,0, ,"79,315","86,409","165,724","77,688"
5612,10,กรุงเทพมหานคร,1012,ยานนาวา,0, ,0, ,"38,574","42,588","81,162","47,980"
5612,10,กรุงเทพมหานคร,1013,สัมพันธวงศ์,0, ,0, ,"13,088","13,844","26,932","13,252"
5612,10,กรุงเทพมหานคร,1014,พญาไท,0, ,0, ,"36,109","36,386","72,495","38,415"
5612,10,กรุงเทพมหานคร,1015,ธนบุรี,0, ,0, ,"55,653","61,883","117,536","48,510"
5612,10,กรุงเทพมหานคร,1016,บางกอกใหญ่,0, ,0, ,"33,585","37,502","71,087","26,739"
5612,10,กรุงเทพมหานคร,1017,ห้วยขวาง,0, ,0, ,"36,107","42,836","78,943","59,649"
5612,10,กรุงเทพมหานคร,1018,คลองสาน,0, ,0, ,"35,488","40,277","75,765","36,495"
5612,10,กรุงเทพมหานคร,1019,ตลิ่งชัน,0, ,0, ,"50,109","56,083","106,192","38,825"
5612,10,กรุงเทพมหานคร,1020,บางกอกน้อย,0, ,0, ,"56,090","61,413","117,503","46,616"
5612,10,กรุงเทพมหานคร,1021,บางขุนเทียน,0, ,0, ,"80,540","89,074","169,614","77,350"
5612,10,กรุงเทพมหานคร,1022,ภาษีเจริญ,0, ,0, ,"60,901","68,658","129,559","49,968"
5612,10,กรุงเทพมหานคร,1023,หนองแขม,0, ,0, ,"71,202","80,675","151,877","56,222"
5612,10,กรุงเทพมหานคร,1024,ราษฎร์บูรณะ,0, ,0, ,"41,210","44,615","85,825","33,859"
5612,10,กรุงเทพมหานคร,1025,บางพลัด,0, ,0, ,"45,389","52,724","98,113","45,817"
5612,10,กรุงเทพมหานคร,1026,ดินแดง,0, ,0, ,"60,096","68,742","128,838","55,591"
5612,10,กรุงเทพมหานคร,1027,บึงกุ่ม,0, ,0, ,"66,926","78,896","145,822","67,801"
5612,10,กรุงเทพมหานคร,1028,สาทร,0, ,0, ,"39,987","43,911","83,898","36,403"
5612,10,กรุงเทพมหานคร,1029,บางซื่อ,0, ,0, ,"61,839","68,672","130,511","49,995"
5612,10,กรุงเทพมหานคร,1030,จตุจักร,0, ,0, ,"75,600","85,348","160,948","96,304"
5612,10,กรุงเทพมหานคร,1031,บางคอแหลม,0, ,0, ,"44,802","48,706","93,508","36,346"
5612,10,กรุงเทพมหานคร,1032,ประเวศ,0, ,0, ,"77,368","86,117","163,485","74,913"
5612,10,กรุงเทพมหานคร,1033,คลองเตย,0, ,0, ,"51,941","56,125","108,066","62,642"
5612,10,กรุงเทพมหานคร,1034,สวนหลวง,0, ,0, ,"54,087","62,601","116,688","62,255"
5612,10,กรุงเทพมหานคร,1035,จอมทอง,0, ,0, ,"75,457","81,699","157,156","61,962"
5612,10,กรุงเทพมหานคร,1036,ดอนเมือง,0, ,0, ,"83,714","84,113","167,827","67,797"
5612,10,กรุงเทพมหานคร,1037,ราชเทวี,0, ,0, ,"35,239","38,311","73,550","43,242"
5612,10,กรุงเทพมหานคร,1038,ลาดพร้าว,0, ,0, ,"55,821","66,620","122,441","52,300"
5612,10,กรุงเทพมหานคร,1039,วัฒนา,0, ,0, ,"38,976","43,661","82,637","62,049"
5612,10,กรุงเทพมหานคร,1040,บางแค,0, ,0, ,"90,017","102,102","192,119","77,864"
5612,10,กรุงเทพมหานคร,1041,หลักสี่,0, ,0, ,"52,164","56,885","109,049","47,272"
5612,10,กรุงเทพมหานคร,1042,สายไหม,0, ,0, ,"90,289","101,247","191,536","89,604"
5612,10,กรุงเทพมหานคร,1043,คันนายาว,0, ,0, ,"42,189","48,248","90,437","39,200"
5612,10,กรุงเทพมหานคร,1044,สะพานสูง,0, ,0, ,"42,270","49,088","91,358","34,027"
5612,10,กรุงเทพมหานคร,1045,วังทองหลาง,0, ,0, ,"52,749","62,056","114,805","57,178"
5612,10,กรุงเทพมหานคร,1046,คลองสามวา,0, ,0, ,"82,801","91,396","174,197","70,269"
5612,10,กรุงเทพมหานคร,1047,บางนา,0, ,0, ,"44,877","50,327","95,204","56,819"
5612,10,กรุงเทพมหานคร,1048,ทวีวัฒนา,0, ,0, ,"35,755","41,032","76,787","30,833"
5612,10,กรุงเทพมหานคร,1049,ทุ่งครุ,0, ,0, ,"55,457","62,205","117,662","47,130"
5612,10,กรุงเทพมหานคร,1050,บางบอน,0, ,0, ,"50,830","55,255","106,085","47,459"
5712,10,กรุงเทพมหานคร,1001,พระนคร,0, ,0, ,"26,695","28,678","55,373","19,258"
5712,10,กรุงเทพมหานคร,1002,ดุสิต,0, ,0, ,"55,627","48,767","104,394","32,342"
5712,10,กรุงเทพมหานคร,1003,หนองจอก,0, ,0, ,"79,435","83,163","162,598","56,769"
5712,10,กรุงเทพมหานคร,1004,บางรัก,0, ,0, ,"21,881","24,591","46,472","26,937"
5712,10,กรุงเทพมหานคร,1005,บางเขน,0, ,0, ,"90,960","99,699","190,659","97,256"
5712,10,กรุงเทพมหานคร,1006,บางกะปิ,0, ,0, ,"67,974","80,990","148,964","97,866"
5712,10,กรุงเทพมหานคร,1007,ปทุมวัน,0, ,0, ,"23,738","27,819","51,557","27,734"
5712,10,กรุงเทพมหานคร,1008,ป้อมปราบศัตรูพ่าย,0, ,0, ,"23,950","25,330","49,280","19,529"
5712,10,กรุงเทพมหานคร,1009,พระโขนง,0, ,0, ,"42,558","49,890","92,448","49,760"
5712,10,กรุงเทพมหานคร,1010,มีนบุรี,0, ,0, ,"65,915","73,856","139,771","54,306"
5712,10,กรุงเทพมหานคร,1011,ลาดกระบัง,0, ,0, ,"80,628","87,681","168,309","80,578"
5712,10,กรุงเทพมหานคร,1012,ยานนาวา,0, ,0, ,"38,378","42,465","80,843","49,364"
5712,10,กรุงเทพมหานคร,1013,สัมพันธวงศ์,0, ,0, ,"12,790","13,569","26,359","13,234"
5712,10,กรุงเทพมหานคร,1014,พญาไท,0, ,0, ,"35,841","36,362","72,203","39,193"
5712,10,กรุงเทพมหานคร,1015,ธนบุรี,0, ,0, ,"54,533","60,797","115,330","50,554"
5712,10,กรุงเทพมหานคร,1016,บางกอกใหญ่,0, ,0, ,"33,082","36,921","70,003","26,798"
5712,10,กรุงเทพมหานคร,1017,ห้วยขวาง,0, ,0, ,"36,551","43,451","80,002","65,131"
5712,10,กรุงเทพมหานคร,1018,คลองสาน,0, ,0, ,"35,192","40,032","75,224","37,448"
5712,10,กรุงเทพมหานคร,1019,ตลิ่งชัน,0, ,0, ,"49,911","55,946","105,857","39,296"
5712,10,กรุงเทพมหานคร,1020,บางกอกน้อย,0, ,0, ,"55,877","60,776","116,653","47,103"
5712,10,กรุงเทพมหานคร,1021,บางขุนเทียน,0, ,0, ,"82,163","90,981","173,144","80,667"
5712,10,กรุงเทพมหานคร,1022,ภาษีเจริญ,0, ,0, ,"60,665","68,573","129,238","51,625"
5712,10,กรุงเทพมหานคร,1023,หนองแขม,0, ,0, ,"71,781","81,394","153,175","57,298"
5712,10,กรุงเทพมหานคร,1024,ราษฎร์บูรณะ,0, ,0, ,"40,759","44,122","84,881","34,220"
5712,10,กรุงเทพมหานคร,1025,บางพลัด,0, ,0, ,"44,738","52,049","96,787","45,819"
5712,10,กรุงเทพมหานคร,1026,ดินแดง,0, ,0, ,"59,275","67,985","127,260","56,790"
5712,10,กรุงเทพมหานคร,1027,บึงกุ่ม,0, ,0, ,"66,737","78,777","145,514","69,412"
5712,10,กรุงเทพมหานคร,1028,สาทร,0, ,0, ,"39,185","43,247","82,432","39,578"
5712,10,กรุงเทพมหานคร,1029,บางซื่อ,0, ,0, ,"61,014","67,981","128,995","54,651"
5712,10,กรุงเทพมหานคร,1030,จตุจักร,0, ,0, ,"75,228","85,138","160,366","99,740"
5712,10,กรุงเทพมหานคร,1031,บางคอแหลม,0, ,0, ,"44,188","48,085","92,273","36,406"
5712,10,กรุงเทพมหานคร,1032,ประเวศ,0, ,0, ,"78,671","87,693","166,364","78,953"
5712,10,กรุงเทพมหานคร,1033,คลองเตย,0, ,0, ,"51,568","55,653","107,221","64,083"
5712,10,กรุงเทพมหานคร,1034,สวนหลวง,0, ,0, ,"54,805","63,566","118,371","65,869"
5712,10,กรุงเทพมหานคร,1035,จอมทอง,0, ,0, ,"74,894","81,136","156,030","63,846"
5712,10,กรุงเทพมหานคร,1036,ดอนเมือง,0, ,0, ,"83,909","84,288","168,197","69,239"
5712,10,กรุงเทพมหานคร,1037,ราชเทวี,0, ,0, ,"35,411","38,379","73,790","44,095"
5712,10,กรุงเทพมหานคร,1038,ลาดพร้าว,0, ,0, ,"55,637","66,559","122,196","53,475"
5712,10,กรุงเทพมหานคร,1039,วัฒนา,0, ,0, ,"39,391","44,129","83,520","64,637"
5712,10,กรุงเทพมหานคร,1040,บางแค,0, ,0, ,"89,851","102,115","191,966","79,524"
5712,10,กรุงเทพมหานคร,1041,หลักสี่,0, ,0, ,"51,480","56,317","107,797","48,135"
5712,10,กรุงเทพมหานคร,1042,สายไหม,0, ,0, ,"91,547","102,964","194,511","92,755"
5712,10,กรุงเทพมหานคร,1043,คันนายาว,0, ,0, ,"42,950","49,144","92,094","39,812"
5712,10,กรุงเทพมหานคร,1044,สะพานสูง,0, ,0, ,"42,817","49,918","92,735","34,807"
5712,10,กรุงเทพมหานคร,1045,วังทองหลาง,0, ,0, ,"52,489","61,756","114,245","58,316"
5712,10,กรุงเทพมหานคร,1046,คลองสามวา,0, ,0, ,"84,976","93,982","178,958","73,481"
5712,10,กรุงเทพมหานคร,1047,บางนา,0, ,0, ,"44,408","49,907","94,315","57,272"
5712,10,กรุงเทพมหานคร,1048,ทวีวัฒนา,0, ,0, ,"35,973","41,148","77,121","31,337"
5712,10,กรุงเทพมหานคร,1049,ทุ่งครุ,0, ,0, ,"56,184","63,165","119,349","47,824"
5712,10,กรุงเทพมหานคร,1050,บางบอน,0, ,0, ,"51,309","55,831","107,140","48,301"
5812,10,กรุงเทพมหานคร,1001,พระนคร,0, ,0, ,"26,022","27,877","53,899","19,273"
5812,10,กรุงเทพมหานคร,1002,ดุสิต,0, ,0, ,"54,111","47,465","101,576","32,644"
5812,10,กรุงเทพมหานคร,1003,หนองจอก,0, ,0, ,"80,723","84,558","165,281","58,965"
5812,10,กรุงเทพมหานคร,1004,บางรัก,0, ,0, ,"22,044","24,733","46,777","27,522"
5812,10,กรุงเทพมหานคร,1005,บางเขน,0, ,0, ,"90,822","99,661","190,483","101,537"
5812,10,กรุงเทพมหานคร,1006,บางกะปิ,0, ,0, ,"68,057","81,045","149,102","100,046"
5812,10,กรุงเทพมหานคร,1007,ปทุมวัน,0, ,0, ,"23,288","27,385","50,673","30,279"
5812,10,กรุงเทพมหานคร,1008,ป้อมปราบศัตรูพ่าย,0, ,0, ,"23,633","24,952","48,585","19,515"
5812,10,กรุงเทพมหานคร,1009,พระโขนง,0, ,0, ,"42,331","49,866","92,197","50,272"
5812,10,กรุงเทพมหานคร,1010,มีนบุรี,0, ,0, ,"66,276","74,426","140,702","55,711"
5812,10,กรุงเทพมหานคร,1011,ลาดกระบัง,0, ,0, ,"81,410","88,660","170,070","84,099"
5812,10,กรุงเทพมหานคร,1012,ยานนาวา,0, ,0, ,"37,970","42,241","80,211","50,674"
5812,10,กรุงเทพมหานคร,1013,สัมพันธวงศ์,0, ,0, ,"12,491","13,203","25,694","13,235"
5812,10,กรุงเทพมหานคร,1014,พญาไท,0, ,0, ,"35,685","36,179","71,864","40,095"
5812,10,กรุงเทพมหานคร,1015,ธนบุรี,0, ,0, ,"53,592","59,746","113,338","51,884"
5812,10,กรุงเทพมหานคร,1016,บางกอกใหญ่,0, ,0, ,"32,860","36,489","69,349","26,867"
5812,10,กรุงเทพมหานคร,1017,ห้วยขวาง,0, ,0, ,"36,774","43,961","80,735","68,596"
5812,10,กรุงเทพมหานคร,1018,คลองสาน,0, ,0, ,"34,949","39,847","74,796","37,665"
5812,10,กรุงเทพมหานคร,1019,ตลิ่งชัน,0, ,0, ,"49,745","55,868","105,613","40,827"
5812,10,กรุงเทพมหานคร,1020,บางกอกน้อย,0, ,0, ,"55,041","60,161","115,202","48,672"
5812,10,กรุงเทพมหานคร,1021,บางขุนเทียน,0, ,0, ,"83,802","92,922","176,724","82,799"
5812,10,กรุงเทพมหานคร,1022,ภาษีเจริญ,0, ,0, ,"60,366","68,095","128,461","52,657"
5812,10,กรุงเทพมหานคร,1023,หนองแขม,0, ,0, ,"72,309","82,080","154,389","58,210"
5812,10,กรุงเทพมหานคร,1024,ราษฎร์บูรณะ,0, ,0, ,"40,378","43,779","84,157","35,516"
5812,10,กรุงเทพมหานคร,1025,บางพลัด,0, ,0, ,"44,073","51,405","95,478","45,853"
5812,10,กรุงเทพมหานคร,1026,ดินแดง,0, ,0, ,"58,583","67,381","125,964","57,373"
5812,10,กรุงเทพมหานคร,1027,บึงกุ่ม,0, ,0, ,"66,299","78,362","144,661","71,794"
5812,10,กรุงเทพมหานคร,1028,สาทร,0, ,0, ,"38,892","42,853","81,745","40,043"
5812,10,กรุงเทพมหานคร,1029,บางซื่อ,0, ,0, ,"60,299","67,417","127,716","55,520"
5812,10,กรุงเทพมหานคร,1030,จตุจักร,0, ,0, ,"74,692","84,822","159,514","101,601"
5812,10,กรุงเทพมหานคร,1031,บางคอแหลม,0, ,0, ,"43,772","47,633","91,405","37,920"
5812,10,กรุงเทพมหานคร,1032,ประเวศ,0, ,0, ,"79,963","89,249","169,212","84,487"
5812,10,กรุงเทพมหานคร,1033,คลองเตย,0, ,0, ,"51,029","55,204","106,233","65,006"
5812,10,กรุงเทพมหานคร,1034,สวนหลวง,0, ,0, ,"55,459","64,677","120,136","69,756"
5812,10,กรุงเทพมหานคร,1035,จอมทอง,0, ,0, ,"74,208","80,840","155,048","68,378"
5812,10,กรุงเทพมหานคร,1036,ดอนเมือง,0, ,0, ,"83,819","84,459","168,278","70,923"
5812,10,กรุงเทพมหานคร,1037,ราชเทวี,0, ,0, ,"35,363","38,234","73,597","45,103"
5812,10,กรุงเทพมหานคร,1038,ลาดพร้าว,0, ,0, ,"55,399","66,444","121,843","54,051"
5812,10,กรุงเทพมหานคร,1039,วัฒนา,0, ,0, ,"39,750","44,464","84,214","66,723"
5812,10,กรุงเทพมหานคร,1040,บางแค,0, ,0, ,"89,878","102,403","192,281","85,144"
5812,10,กรุงเทพมหานคร,1041,หลักสี่,0, ,0, ,"50,796","55,861","106,657","50,370"
5812,10,กรุงเทพมหานคร,1042,สายไหม,0, ,0, ,"92,951","104,764","197,715","94,942"
5812,10,กรุงเทพมหานคร,1043,คันนายาว,0, ,0, ,"44,042","50,200","94,242","40,360"
5812,10,กรุงเทพมหานคร,1044,สะพานสูง,0, ,0, ,"43,314","50,540","93,854","35,599"
5812,10,กรุงเทพมหานคร,1045,วังทองหลาง,0, ,0, ,"52,118","61,403","113,521","59,136"
5812,10,กรุงเทพมหานคร,1046,คลองสามวา,0, ,0, ,"87,459","96,847","184,306","76,179"
5812,10,กรุงเทพมหานคร,1047,บางนา,0, ,0, ,"43,812","49,485","93,297","60,341"
5812,10,กรุงเทพมหานคร,1048,ทวีวัฒนา,0, ,0, ,"36,190","41,414","77,604","31,716"
5812,10,กรุงเทพมหานคร,1049,ทุ่งครุ,0, ,0, ,"56,792","63,821","120,613","49,082"
5812,10,กรุงเทพมหานคร,1050,บางบอน,0, ,0, ,"51,420","55,977","107,397","49,012"
5912,10,กรุงเทพมหานคร,1001,พระนคร,0, ,0, ,"25,403","27,119","52,522","19,221"
5912,10,กรุงเทพมหานคร,1002,ดุสิต,0, ,0, ,"52,584","45,866","98,450","32,338"
5912,10,กรุงเทพมหานคร,1003,หนองจอก,0, ,0, ,"81,944","85,900","167,844","60,546"
5912,10,กรุงเทพมหานคร,1004,บางรัก,0, ,0, ,"22,347","24,961","47,308","30,081"
5912,10,กรุงเทพมหานคร,1005,บางเขน,0, ,0, ,"91,071","99,757","190,828","104,598"
5912,10,กรุงเทพมหานคร,1006,บางกะปิ,0, ,0, ,"67,641","80,751","148,392","100,751"
5912,10,กรุงเทพมหานคร,1007,ปทุมวัน,0, ,0, ,"22,719","26,875","49,594","30,752"
5912,10,กรุงเทพมหานคร,1008,ป้อมปราบศัตรูพ่าย,0, ,0, ,"22,994","24,456","47,450","19,674"
5912,10,กรุงเทพมหานคร,1009,พระโขนง,0, ,0, ,"41,703","49,602","91,305","50,662"
5912,10,กรุงเทพมหานคร,1010,มีนบุรี,0, ,0, ,"66,567","74,647","141,214","56,839"
5912,10,กรุงเทพมหานคร,1011,ลาดกระบัง,0, ,0, ,"82,232","89,701","171,933","87,658"
5912,10,กรุงเทพมหานคร,1012,ยานนาวา,0, ,0, ,"37,624","41,950","79,574","50,803"
5912,10,กรุงเทพมหานคร,1013,สัมพันธวงศ์,0, ,0, ,"12,014","12,771","24,785","13,238"
5912,10,กรุงเทพมหานคร,1014,พญาไท,0, ,0, ,"36,118","35,984","72,102","41,518"
5912,10,กรุงเทพมหานคร,1015,ธนบุรี,0, ,0, ,"52,414","58,613","111,027","54,058"
5912,10,กรุงเทพมหานคร,1016,บางกอกใหญ่,0, ,0, ,"32,065","35,822","67,887","29,861"
5912,10,กรุงเทพมหานคร,1017,ห้วยขวาง,0, ,0, ,"36,898","44,292","81,190","69,142"
5912,10,กรุงเทพมหานคร,1018,คลองสาน,0, ,0, ,"34,413","39,458","73,871","38,181"
5912,10,กรุงเทพมหานคร,1019,ตลิ่งชัน,0, ,0, ,"49,491","55,798","105,289","41,345"
5912,10,กรุงเทพมหานคร,1020,บางกอกน้อย,0, ,0, ,"53,382","59,199","112,581","48,709"
5912,10,กรุงเทพมหานคร,1021,บางขุนเทียน,0, ,0, ,"85,107","94,661","179,768","84,599"
5912,10,กรุงเทพมหานคร,1022,ภาษีเจริญ,0, ,0, ,"59,927","67,655","127,582","53,577"
5912,10,กรุงเทพมหานคร,1023,หนองแขม,0, ,0, ,"72,638","82,591","155,229","58,908"
5912,10,กรุงเทพมหานคร,1024,ราษฎร์บูรณะ,0, ,0, ,"39,903","43,345","83,248","35,842"
5912,10,กรุงเทพมหานคร,1025,บางพลัด,0, ,0, ,"43,265","50,506","93,771","47,479"
5912,10,กรุงเทพมหานคร,1026,ดินแดง,0, ,0, ,"57,524","66,442","123,966","58,107"
5912,10,กรุงเทพมหานคร,1027,บึงกุ่ม,0, ,0, ,"66,156","78,293","144,449","72,370"
5912,10,กรุงเทพมหานคร,1028,สาทร,0, ,0, ,"38,245","42,252","80,497","41,304"
5912,10,กรุงเทพมหานคร,1029,บางซื่อ,0, ,0, ,"59,467","66,669","126,136","60,466"
5912,10,กรุงเทพมหานคร,1030,จตุจักร,0, ,0, ,"73,962","84,168","158,130","107,192"
5912,10,กรุงเทพมหานคร,1031,บางคอแหลม,0, ,0, ,"43,099","47,278","90,377","39,129"
5912,10,กรุงเทพมหานคร,1032,ประเวศ,0, ,0, ,"81,425","91,336","172,761","86,555"
5912,10,กรุงเทพมหานคร,1033,คลองเตย,0, ,0, ,"49,891","54,320","104,211","66,481"
5912,10,กรุงเทพมหานคร,1034,สวนหลวง,0, ,0, ,"56,054","65,686","121,740","71,294"
5912,10,กรุงเทพมหานคร,1035,จอมทอง,0, ,0, ,"73,459","80,209","153,668","69,330"
5912,10,กรุงเทพมหานคร,1036,ดอนเมือง,0, ,0, ,"84,191","84,705","168,896","72,609"
5912,10,กรุงเทพมหานคร,1037,ราชเทวี,0, ,0, ,"34,725","37,711","72,436","45,522"
5912,10,กรุงเทพมหานคร,1038,ลาดพร้าว,0, ,0, ,"54,948","66,052","121,000","54,771"
5912,10,กรุงเทพมหานคร,1039,วัฒนา,0, ,0, ,"39,784","44,744","84,528","68,081"
5912,10,กรุงเทพมหานคร,1040,บางแค,0, ,0, ,"89,796","102,617","192,413","85,875"
5912,10,กรุงเทพมหานคร,1041,หลักสี่,0, ,0, ,"50,230","55,358","105,588","51,229"
5912,10,กรุงเทพมหานคร,1042,สายไหม,0, ,0, ,"94,258","106,116","200,374","96,064"
5912,10,กรุงเทพมหานคร,1043,คันนายาว,0, ,0, ,"44,621","50,748","95,369","41,518"
5912,10,กรุงเทพมหานคร,1044,สะพานสูง,0, ,0, ,"43,780","51,202","94,982","36,401"
5912,10,กรุงเทพมหานคร,1045,วังทองหลาง,0, ,0, ,"51,725","61,124","112,849","59,546"
5912,10,กรุงเทพมหานคร,1046,คลองสามวา,0, ,0, ,"89,787","99,720","189,507","78,343"
5912,10,กรุงเทพมหานคร,1047,บางนา,0, ,0, ,"43,148","48,875","92,023","62,042"
5912,10,กรุงเทพมหานคร,1048,ทวีวัฒนา,0, ,0, ,"36,333","41,557","77,890","32,329"
5912,10,กรุงเทพมหานคร,1049,ทุ่งครุ,0, ,0, ,"56,941","64,035","120,976","50,284"
5912,10,กรุงเทพมหานคร,1050,บางบอน,0, ,0, ,"51,240","55,896","107,136","49,489"
6012,10,กรุงเทพมหานคร,1001,พระนคร,0, ,0, ,"24,767","26,464","51,231","19,182"
6012,10,กรุงเทพมหานคร,1002,ดุสิต,0, ,0, ,"51,252","44,600","95,852","32,311"
6012,10,กรุงเทพมหานคร,1003,หนองจอก,0, ,0, ,"83,209","87,434","170,643","61,537"
6012,10,กรุงเทพมหานคร,1004,บางรัก,0, ,0, ,"22,672","25,145","47,817","30,301"
6012,10,กรุงเทพมหานคร,1005,บางเขน,0, ,0, ,"90,931","99,750","190,681","107,198"
6012,10,กรุงเทพมหานคร,1006,บางกะปิ,0, ,0, ,"67,312","80,488","147,800","102,119"
6012,10,กรุงเทพมหานคร,1007,ปทุมวัน,0, ,0, ,"22,469","26,652","49,121","30,815"
6012,10,กรุงเทพมหานคร,1008,ป้อมปราบศัตรูพ่าย,0, ,0, ,"22,668","23,913","46,581","19,684"
6012,10,กรุงเทพมหานคร,1009,พระโขนง,0, ,0, ,"41,267","49,267","90,534","52,092"
6012,10,กรุงเทพมหานคร,1010,มีนบุรี,0, ,0, ,"66,860","74,890","141,750","58,200"
6012,10,กรุงเทพมหานคร,1011,ลาดกระบัง,0, ,0, ,"83,143","90,844","173,987","90,000"
6012,10,กรุงเทพมหานคร,1012,ยานนาวา,0, ,0, ,"37,134","41,663","78,797","51,043"
6012,10,กรุงเทพมหานคร,1013,สัมพันธวงศ์,0, ,0, ,"11,685","12,465","24,150","13,205"
6012,10,กรุงเทพมหานคร,1014,พญาไท,0, ,0, ,"34,887","35,351","70,238","41,891"
6012,10,กรุงเทพมหานคร,1015,ธนบุรี,0, ,0, ,"51,585","57,897","109,482","54,576"
6012,10,กรุงเทพมหานคร,1016,บางกอกใหญ่,0, ,0, ,"32,180","35,588","67,768","30,867"
6012,10,กรุงเทพมหานคร,1017,ห้วยขวาง,0, ,0, ,"37,022","44,493","81,515","73,691"
6012,10,กรุงเทพมหานคร,1018,คลองสาน,0, ,0, ,"34,113","39,150","73,263","38,166"
6012,10,กรุงเทพมหานคร,1019,ตลิ่งชัน,0, ,0, ,"49,417","55,882","105,299","41,732"
6012,10,กรุงเทพมหานคร,1020,บางกอกน้อย,0, ,0, ,"53,571","58,475","112,046","48,771"
6012,10,กรุงเทพมหานคร,1021,บางขุนเทียน,0, ,0, ,"86,162","96,073","182,235","87,140"
6012,10,กรุงเทพมหานคร,1022,ภาษีเจริญ,0, ,0, ,"59,528","67,296","126,824","56,918"
6012,10,กรุงเทพมหานคร,1023,หนองแขม,0, ,0, ,"72,834","82,888","155,722","59,550"
6012,10,กรุงเทพมหานคร,1024,ราษฎร์บูรณะ,0, ,0, ,"39,532","43,013","82,545","36,973"
6012,10,กรุงเทพมหานคร,1025,บางพลัด,0, ,0, ,"42,584","49,741","92,325","49,873"
6012,10,กรุงเทพมหานคร,1026,ดินแดง,0, ,0, ,"56,833","65,730","122,563","58,720"
6012,10,กรุงเทพมหานคร,1027,บึงกุ่ม,0, ,0, ,"65,813","78,022","143,835","72,868"
6012,10,กรุงเทพมหานคร,1028,สาทร,0, ,0, ,"37,734","41,890","79,624","41,447"
6012,10,กรุงเทพมหานคร,1029,บางซื่อ,0, ,0, ,"59,009","66,431","125,440","68,977"
6012,10,กรุงเทพมหานคร,1030,จตุจักร,0, ,0, ,"73,150","83,534","156,684","111,197"
6012,10,กรุงเทพมหานคร,1031,บางคอแหลม,0, ,0, ,"42,580","46,778","89,358","39,315"
6012,10,กรุงเทพมหานคร,1032,ประเวศ,0, ,0, ,"82,669","92,987","175,656","88,079"
6012,10,กรุงเทพมหานคร,1033,คลองเตย,0, ,0, ,"49,186","53,759","102,945","68,641"
6012,10,กรุงเทพมหานคร,1034,สวนหลวง,0, ,0, ,"56,252","66,282","122,534","72,788"
6012,10,กรุงเทพมหานคร,1035,จอมทอง,0, ,0, ,"72,655","79,660","152,315","69,916"
6012,10,กรุงเทพมหานคร,1036,ดอนเมือง,0, ,0, ,"84,202","84,771","168,973","74,516"
6012,10,กรุงเทพมหานคร,1037,ราชเทวี,0, ,0, ,"34,779","37,525","72,304","47,344"
6012,10,กรุงเทพมหานคร,1038,ลาดพร้าว,0, ,0, ,"54,650","65,744","120,394","56,147"
6012,10,กรุงเทพมหานคร,1039,วัฒนา,0, ,0, ,"39,922","45,045","84,967","70,607"
6012,10,กรุงเทพมหานคร,1040,บางแค,0, ,0, ,"90,016","102,986","193,002","88,135"
6012,10,กรุงเทพมหานคร,1041,หลักสี่,0, ,0, ,"49,695","55,006","104,701","53,342"
6012,10,กรุงเทพมหานคร,1042,สายไหม,0, ,0, ,"95,241","107,349","202,590","97,642"
6012,10,กรุงเทพมหานคร,1043,คันนายาว,0, ,0, ,"45,326","51,425","96,751","42,935"
6012,10,กรุงเทพมหานคร,1044,สะพานสูง,0, ,0, ,"43,939","51,598","95,537","36,855"
6012,10,กรุงเทพมหานคร,1045,วังทองหลาง,0, ,0, ,"51,336","60,780","112,116","59,976"
6012,10,กรุงเทพมหานคร,1046,คลองสามวา,0, ,0, ,"91,669","102,261","193,930","80,421"
6012,10,กรุงเทพมหานคร,1047,บางนา,0, ,0, ,"42,575","48,277","90,852","65,736"
6012,10,กรุงเทพมหานคร,1048,ทวีวัฒนา,0, ,0, ,"36,423","41,764","78,187","32,950"
6012,10,กรุงเทพมหานคร,1049,ทุ่งครุ,0, ,0, ,"57,315","64,518","121,833","51,053"
6012,10,กรุงเทพมหานคร,1050,บางบอน,0, ,0, ,"51,209","55,909","107,118","49,832"
6112,10,กรุงเทพมหานคร,1001,พระนคร,0, ,0, ,"24,418","25,964","50,382","19,101"
6112,10,กรุงเทพมหานคร,1002,ดุสิต,0, ,0, ,"51,510","43,344","94,854","31,294"
6112,10,กรุงเทพมหานคร,1003,หนองจอก,0, ,0, ,"84,325","88,665","172,990","63,210"
6112,10,กรุงเทพมหานคร,1004,บางรัก,0, ,0, ,"22,864","25,343","48,207","32,045"
6112,10,กรุงเทพมหานคร,1005,บางเขน,0, ,0, ,"91,384","99,939","191,323","109,112"
6112,10,กรุงเทพมหานคร,1006,บางกะปิ,0, ,0, ,"66,880","79,961","146,841","104,234"
6112,10,กรุงเทพมหานคร,1007,ปทุมวัน,0, ,0, ,"22,128","26,254","48,382","30,793"
6112,10,กรุงเทพมหานคร,1008,ป้อมปราบศัตรูพ่าย,0, ,0, ,"22,212","23,489","45,701","19,655"
6112,10,กรุงเทพมหานคร,1009,พระโขนง,0, ,0, ,"40,555","48,682","89,237","54,409"
6112,10,กรุงเทพมหานคร,1010,มีนบุรี,0, ,0, ,"67,197","75,114","142,311","59,822"
6112,10,กรุงเทพมหานคร,1011,ลาดกระบัง,0, ,0, ,"83,714","91,948","175,662","93,589"
6112,10,กรุงเทพมหานคร,1012,ยานนาวา,0, ,0, ,"36,653","41,378","78,031","51,655"
6112,10,กรุงเทพมหานคร,1013,สัมพันธวงศ์,0, ,0, ,"11,467","12,188","23,655","13,206"
6112,10,กรุงเทพมหานคร,1014,พญาไท,0, ,0, ,"35,293","35,048","70,341","42,662"
6112,10,กรุงเทพมหานคร,1015,ธนบุรี,0, ,0, ,"50,709","57,045","107,754","56,237"
6112,10,กรุงเทพมหานคร,1016,บางกอกใหญ่,0, ,0, ,"32,024","35,187","67,211","30,866"
6112,10,กรุงเทพมหานคร,1017,ห้วยขวาง,0, ,0, ,"37,021","44,668","81,689","79,768"
6112,10,กรุงเทพมหานคร,1018,คลองสาน,0, ,0, ,"33,606","38,565","72,171","38,830"
6112,10,กรุงเทพมหานคร,1019,ตลิ่งชัน,0, ,0, ,"49,175","55,872","105,047","42,138"
6112,10,กรุงเทพมหานคร,1020,บางกอกน้อย,0, ,0, ,"52,939","57,478","110,417","49,111"
6112,10,กรุงเทพมหานคร,1021,บางขุนเทียน,0, ,0, ,"86,836","97,042","183,878","88,455"
6112,10,กรุงเทพมหานคร,1022,ภาษีเจริญ,0, ,0, ,"59,128","66,853","125,981","58,891"
6112,10,กรุงเทพมหานคร,1023,หนองแขม,0, ,0, ,"72,960","83,307","156,267","60,680"
6112,10,กรุงเทพมหานคร,1024,ราษฎร์บูรณะ,0, ,0, ,"39,138","42,668","81,806","37,036"
6112,10,กรุงเทพมหานคร,1025,บางพลัด,0, ,0, ,"41,984","49,294","91,278","53,656"
6112,10,กรุงเทพมหานคร,1026,ดินแดง,0, ,0, ,"55,957","64,804","120,761","61,149"
6112,10,กรุงเทพมหานคร,1027,บึงกุ่ม,0, ,0, ,"65,285","77,705","142,990","74,526"
6112,10,กรุงเทพมหานคร,1028,สาทร,0, ,0, ,"37,428","41,432","78,860","42,255"
6112,10,กรุงเทพมหานคร,1029,บางซื่อ,0, ,0, ,"58,805","66,494","125,299","69,594"
6112,10,กรุงเทพมหานคร,1030,จตุจักร,0, ,0, ,"72,703","83,220","155,923","113,553"
6112,10,กรุงเทพมหานคร,1031,บางคอแหลม,0, ,0, ,"42,014","46,274","88,288","39,353"
6112,10,กรุงเทพมหานคร,1032,ประเวศ,0, ,0, ,"83,840","94,450","178,290","87,588"
6112,10,กรุงเทพมหานคร,1033,คลองเตย,0, ,0, ,"48,410","53,133","101,543","72,180"
6112,10,กรุงเทพมหานคร,1034,สวนหลวง,0, ,0, ,"56,370","66,656","123,026","76,684"
6112,10,กรุงเทพมหานคร,1035,จอมทอง,0, ,0, ,"71,982","79,192","151,174","71,106"
6112,10,กรุงเทพมหานคร,1036,ดอนเมือง,0, ,0, ,"84,246","85,013","169,259","75,954"
6112,10,กรุงเทพมหานคร,1037,ราชเทวี,0, ,0, ,"34,496","37,456","71,952","49,014"
6112,10,กรุงเทพมหานคร,1038,ลาดพร้าว,0, ,0, ,"54,372","65,337","119,709","56,470"
6112,10,กรุงเทพมหานคร,1039,วัฒนา,0, ,0, ,"40,274","45,368","85,642","72,939"
6112,10,กรุงเทพมหานคร,1040,บางแค,0, ,0, ,"90,122","103,193","193,315","91,765"
6112,10,กรุงเทพมหานคร,1041,หลักสี่,0, ,0, ,"49,791","54,786","104,577","55,802"
6112,10,กรุงเทพมหานคร,1042,สายไหม,0, ,0, ,"96,106","108,426","204,532","100,196"
6112,10,กรุงเทพมหานคร,1043,คันนายาว,0, ,0, ,"45,500","51,687","97,187","44,234"
6112,10,กรุงเทพมหานคร,1044,สะพานสูง,0, ,0, ,"43,971","51,865","95,836","38,441"
6112,10,กรุงเทพมหานคร,1045,วังทองหลาง,0, ,0, ,"50,916","60,377","111,293","60,679"
6112,10,กรุงเทพมหานคร,1046,คลองสามวา,0, ,0, ,"93,614","104,405","198,019","82,412"
6112,10,กรุงเทพมหานคร,1047,บางนา,0, ,0, ,"42,160","47,988","90,148","67,609"
6112,10,กรุงเทพมหานคร,1048,ทวีวัฒนา,0, ,0, ,"36,420","41,974","78,394","33,370"
6112,10,กรุงเทพมหานคร,1049,ทุ่งครุ,0, ,0, ,"57,449","64,847","122,296","51,957"
6112,10,กรุงเทพมหานคร,1050,บางบอน,0, ,0, ,"51,102","55,817","106,919","50,239"
6212,10,กรุงเทพมหานคร,1001,พระนคร,0, ,0, ,"23,080","24,621","47,701","19,155"
6212,10,กรุงเทพมหานคร,1002,ดุสิต,0, ,0, ,"48,615","41,154","89,769","31,955"
6212,10,กรุงเทพมหานคร,1003,หนองจอก,0, ,0, ,"85,682","90,340","176,022","65,048"
6212,10,กรุงเทพมหานคร,1004,บางรัก,0, ,0, ,"22,834","25,393","48,227","32,347"
6212,10,กรุงเทพมหานคร,1005,บางเขน,0, ,0, ,"89,273","99,727","189,000","112,614"
6212,10,กรุงเทพมหานคร,1006,บางกะปิ,0, ,0, ,"66,559","79,549","146,108","104,926"
6212,10,กรุงเทพมหานคร,1007,ปทุมวัน,0, ,0, ,"21,754","25,331","47,085","33,103"
6212,10,กรุงเทพมหานคร,1008,ป้อมปราบศัตรูพ่าย,0, ,0, ,"21,236","22,249","43,485","19,606"
6212,10,กรุงเทพมหานคร,1009,พระโขนง,0, ,0, ,"40,291","48,707","88,998","58,445"
6212,10,กรุงเทพมหานคร,1010,มีนบุรี,0, ,0, ,"67,340","75,246","142,586","61,051"
6212,10,กรุงเทพมหานคร,1011,ลาดกระบัง,0, ,0, ,"84,644","93,125","177,769","96,468"
6212,10,กรุงเทพมหานคร,1012,ยานนาวา,0, ,0, ,"36,366","41,448","77,814","52,403"
6212,10,กรุงเทพมหานคร,1013,สัมพันธวงศ์,0, ,0, ,"10,977","11,486","22,463","13,195"
6212,10,กรุงเทพมหานคร,1014,พญาไท,0, ,0, ,"34,385","34,997","69,382","44,425"
6212,10,กรุงเทพมหานคร,1015,ธนบุรี,0, ,0, ,"49,758","56,291","106,049","57,091"
6212,10,กรุงเทพมหานคร,1016,บางกอกใหญ่,0, ,0, ,"31,266","34,886","66,152","31,671"
6212,10,กรุงเทพมหานคร,1017,ห้วยขวาง,0, ,0, ,"37,909","46,431","84,340","81,877"
6212,10,กรุงเทพมหานคร,1018,คลองสาน,0, ,0, ,"33,071","38,126","71,197","39,366"
6212,10,กรุงเทพมหานคร,1019,ตลิ่งชัน,0, ,0, ,"49,052","55,727","104,779","42,532"
6212,10,กรุงเทพมหานคร,1020,บางกอกน้อย,0, ,0, ,"51,407","56,325","107,732","49,559"
6212,10,กรุงเทพมหานคร,1021,บางขุนเทียน,0, ,0, ,"87,656","98,168","185,824","90,017"
6212,10,กรุงเทพมหานคร,1022,ภาษีเจริญ,0, ,0, ,"59,046","67,114","126,160","59,970"
6212,10,กรุงเทพมหานคร,1023,หนองแขม,0, ,0, ,"72,977","83,377","156,354","61,882"
6212,10,กรุงเทพมหานคร,1024,ราษฎร์บูรณะ,0, ,0, ,"38,450","42,059","80,509","37,409"
6212,10,กรุงเทพมหานคร,1025,บางพลัด,0, ,0, ,"41,565","49,304","90,869","55,029"
6212,10,กรุงเทพมหานคร,1026,ดินแดง,0, ,0, ,"55,081","64,069","119,150","61,210"
6212,10,กรุงเทพมหานคร,1027,บึงกุ่ม,0, ,0, ,"64,912","77,325","142,237","75,351"
6212,10,กรุงเทพมหานคร,1028,สาทร,0, ,0, ,"36,848","40,925","77,773","43,431"
6212,10,กรุงเทพมหานคร,1029,บางซื่อ,0, ,0, ,"59,086","67,224","126,310","75,635"
6212,10,กรุงเทพมหานคร,1030,จตุจักร,0, ,0, ,"72,604","84,001","156,605","121,352"
6212,10,กรุงเทพมหานคร,1031,บางคอแหลม,0, ,0, ,"41,260","45,638","86,898","39,544"
6212,10,กรุงเทพมหานคร,1032,ประเวศ,0, ,0, ,"84,916","95,853","180,769","89,608"
6212,10,กรุงเทพมหานคร,1033,คลองเตย,0, ,0, ,"48,157","53,087","101,244","74,741"
6212,10,กรุงเทพมหานคร,1034,สวนหลวง,0, ,0, ,"56,807","67,241","124,048","78,435"
6212,10,กรุงเทพมหานคร,1035,จอมทอง,0, ,0, ,"71,278","78,830","150,108","72,472"
6212,10,กรุงเทพมหานคร,1036,ดอนเมือง,0, ,0, ,"84,738","85,283","170,021","77,220"
6212,10,กรุงเทพมหานคร,1037,ราชเทวี,0, ,0, ,"34,795","37,773","72,568","52,041"
6212,10,กรุงเทพมหานคร,1038,ลาดพร้าว,0, ,0, ,"53,888","64,686","118,574","57,720"
6212,10,กรุงเทพมหานคร,1039,วัฒนา,0, ,0, ,"40,928","46,297","87,225","78,258"
6212,10,กรุงเทพมหานคร,1040,บางแค,0, ,0, ,"90,085","103,406","193,491","92,959"
6212,10,กรุงเทพมหานคร,1041,หลักสี่,0, ,0, ,"49,789","54,496","104,285","57,383"
6212,10,กรุงเทพมหานคร,1042,สายไหม,0, ,0, ,"96,951","109,327","206,278","102,868"
6212,10,กรุงเทพมหานคร,1043,คันนายาว,0, ,0, ,"45,351","51,744","97,095","44,685"
6212,10,กรุงเทพมหานคร,1044,สะพานสูง,0, ,0, ,"44,083","51,976","96,059","40,482"
6212,10,กรุงเทพมหานคร,1045,วังทองหลาง,0, ,0, ,"50,150","59,503","109,653","61,277"
6212,10,กรุงเทพมหานคร,1046,คลองสามวา,0, ,0, ,"95,486","106,608","202,094","84,728"
6212,10,กรุงเทพมหานคร,1047,บางนา,0, ,0, ,"42,021","48,104","90,125","70,410"
6212,10,กรุงเทพมหานคร,1048,ทวีวัฒนา,0, ,0, ,"36,489","42,059","78,548","33,895"
6212,10,กรุงเทพมหานคร,1049,ทุ่งครุ,0, ,0, ,"57,792","65,256","123,048","53,735"
6212,10,กรุงเทพมหานคร,1050,บางบอน,0, ,0, ,"50,628","55,056","105,684","50,531"
6312,10,กรุงเทพมหานคร,1001,พระนคร,0, ,0, ,"21,675","23,248","44,923","19,137"
6312,10,กรุงเทพมหานคร,1002,ดุสิต,0, ,0, ,"45,038","38,859","83,897","31,653"
6312,10,กรุงเทพมหานคร,1003,หนองจอก,0, ,0, ,"86,564","91,415","177,979","66,754"
6312,10,กรุงเทพมหานคร,1004,บางรัก,0, ,0, ,"21,527","24,230","45,757","32,371"
6312,10,กรุงเทพมหานคร,1005,บางเขน,0, ,0, ,"87,998","99,379","187,377","114,661"
6312,10,กรุงเทพมหานคร,1006,บางกะปิ,0, ,0, ,"65,832","78,900","144,732","107,103"
6312,10,กรุงเทพมหานคร,1007,ปทุมวัน,0, ,0, ,"20,310","23,028","43,338","32,590"
6312,10,กรุงเทพมหานคร,1008,ป้อมปราบศัตรูพ่าย,0, ,0, ,"20,197","21,327","41,524","19,627"
6312,10,กรุงเทพมหานคร,1009,พระโขนง,0, ,0, ,"39,613","48,243","87,856","60,007"
6312,10,กรุงเทพมหานคร,1010,มีนบุรี,0, ,0, ,"67,100","75,097","142,197","61,665"
6312,10,กรุงเทพมหานคร,1011,ลาดกระบัง,0, ,0, ,"85,131","93,840","178,971","98,260"
6312,10,กรุงเทพมหานคร,1012,ยานนาวา,0, ,0, ,"35,644","40,920","76,564","53,614"
6312,10,กรุงเทพมหานคร,1013,สัมพันธวงศ์,0, ,0, ,"10,367","10,957","21,324","13,197"
6312,10,กรุงเทพมหานคร,1014,พญาไท,0, ,0, ,"33,116","34,272","67,388","44,727"
6312,10,กรุงเทพมหานคร,1015,ธนบุรี,0, ,0, ,"48,394","54,983","103,377","57,707"
6312,10,กรุงเทพมหานคร,1016,บางกอกใหญ่,0, ,0, ,"29,987","33,874","63,861","32,258"
6312,10,กรุงเทพมหานคร,1017,ห้วยขวาง,0, ,0, ,"37,714","46,519","84,233","85,046"
6312,10,กรุงเทพมหานคร,1018,คลองสาน,0, ,0, ,"31,969","37,170","69,139","39,924"
6312,10,กรุงเทพมหานคร,1019,ตลิ่งชัน,0, ,0, ,"48,391","55,226","103,617","42,898"
6312,10,กรุงเทพมหานคร,1020,บางกอกน้อย,0, ,0, ,"49,100","54,691","103,791","50,652"
6312,10,กรุงเทพมหานคร,1021,บางขุนเทียน,0, ,0, ,"87,744","98,400","186,144","91,013"
6312,10,กรุงเทพมหานคร,1022,ภาษีเจริญ,0, ,0, ,"57,946","66,372","124,318","65,843"
6312,10,กรุงเทพมหานคร,1023,หนองแขม,0, ,0, ,"72,884","83,319","156,203","62,675"
6312,10,กรุงเทพมหานคร,1024,ราษฎร์บูรณะ,0, ,0, ,"37,487","41,200","78,687","37,664"
6312,10,กรุงเทพมหานคร,1025,บางพลัด,0, ,0, ,"40,709","48,708","89,417","55,838"
6312,10,กรุงเทพมหานคร,1026,ดินแดง,0, ,0, ,"53,188","62,320","115,508","63,821"
6312,10,กรุงเทพมหานคร,1027,บึงกุ่ม,0, ,0, ,"64,199","76,618","140,817","75,943"
6312,10,กรุงเทพมหานคร,1028,สาทร,0, ,0, ,"35,828","39,907","75,735","43,459"
6312,10,กรุงเทพมหานคร,1029,บางซื่อ,0, ,0, ,"56,939","65,471","122,410","76,116"
6312,10,กรุงเทพมหานคร,1030,จตุจักร,0, ,0, ,"71,794","83,503","155,297","126,570"
6312,10,กรุงเทพมหานคร,1031,บางคอแหลม,0, ,0, ,"39,084","43,649","82,733","39,812"
6312,10,กรุงเทพมหานคร,1032,ประเวศ,0, ,0, ,"85,343","96,478","181,821","92,009"
6312,10,กรุงเทพมหานคร,1033,คลองเตย,0, ,0, ,"44,156","49,037","93,193","77,502"
6312,10,กรุงเทพมหานคร,1034,สวนหลวง,0, ,0, ,"56,499","67,110","123,609","81,116"
6312,10,กรุงเทพมหานคร,1035,จอมทอง,0, ,0, ,"70,265","78,025","148,290","73,778"
6312,10,กรุงเทพมหานคร,1036,ดอนเมือง,0, ,0, ,"85,823","84,968","170,791","77,410"
6312,10,กรุงเทพมหานคร,1037,ราชเทวี,0, ,0, ,"33,137","36,127","69,264","52,494"
6312,10,กรุงเทพมหานคร,1038,ลาดพร้าว,0, ,0, ,"53,232","63,876","117,108","57,916"
6312,10,กรุงเทพมหานคร,1039,วัฒนา,0, ,0, ,"37,972","43,651","81,623","82,407"
6312,10,กรุงเทพมหานคร,1040,บางแค,0, ,0, ,"89,776","103,527","193,303","94,020"
6312,10,กรุงเทพมหานคร,1041,หลักสี่,0, ,0, ,"48,897","53,807","102,704","57,833"
6312,10,กรุงเทพมหานคร,1042,สายไหม,0, ,0, ,"97,252","110,020","207,272","106,139"
6312,10,กรุงเทพมหานคร,1043,คันนายาว,0, ,0, ,"44,940","51,390","96,330","45,864"
6312,10,กรุงเทพมหานคร,1044,สะพานสูง,0, ,0, ,"44,058","52,034","96,092","41,308"
6312,10,กรุงเทพมหานคร,1045,วังทองหลาง,0, ,0, ,"49,053","58,405","107,458","62,673"
6312,10,กรุงเทพมหานคร,1046,คลองสามวา,0, ,0, ,"96,669","108,231","204,900","86,477"
6312,10,กรุงเทพมหานคร,1047,บางนา,0, ,0, ,"40,980","47,555","88,535","72,092"
6312,10,กรุงเทพมหานคร,1048,ทวีวัฒนา,0, ,0, ,"36,493","42,256","78,749","34,420"
6312,10,กรุงเทพมหานคร,1049,ทุ่งครุ,0, ,0, ,"58,027","65,673","123,700","54,595"
6312,10,กรุงเทพมหานคร,1050,บางบอน,0, ,0, ,"49,897","54,469","104,366","50,825"
6412,10,กรุงเทพมหานคร,1001,พระนคร,0, ,0, ,"20,753","22,309","43,062","19,140"
6412,10,กรุงเทพมหานคร,1002,ดุสิต,0, ,0, ,"43,840","37,654","81,494","31,693"
6412,10,กรุงเทพมหานคร,1003,หนองจอก,0, ,0, ,"86,985","91,871","178,856","68,505"
6412,10,กรุงเทพมหานคร,1004,บางรัก,0, ,0, ,"21,172","23,843","45,015","32,664"
6412,10,กรุงเทพมหานคร,1005,บางเขน,0, ,0, ,"87,386","98,814","186,200","115,522"
6412,10,กรุงเทพมหานคร,1006,บางกะปิ,0, ,0, ,"64,756","77,818","142,574","109,419"
6412,10,กรุงเทพมหานคร,1007,ปทุมวัน,0, ,0, ,"19,596","22,167","41,763","32,328"
6412,10,กรุงเทพมหานคร,1008,ป้อมปราบศัตรูพ่าย,0, ,0, ,"19,672","20,746","40,418","19,609"
6412,10,กรุงเทพมหานคร,1009,พระโขนง,0, ,0, ,"39,143","47,875","87,018","61,515"
6412,10,กรุงเทพมหานคร,1010,มีนบุรี,0, ,0, ,"66,632","74,742","141,374","63,274"
6412,10,กรุงเทพมหานคร,1011,ลาดกระบัง,0, ,0, ,"84,621","93,803","178,424","100,871"
6412,10,กรุงเทพมหานคร,1012,ยานนาวา,0, ,0, ,"34,827","40,249","75,076","53,663"
6412,10,กรุงเทพมหานคร,1013,สัมพันธวงศ์,0, ,0, ,"10,065","10,712","20,777","13,177"
6412,10,กรุงเทพมหานคร,1014,พญาไท,0, ,0, ,"32,448","33,764","66,212","44,826"
6412,10,กรุงเทพมหานคร,1015,ธนบุรี,0, ,0, ,"47,330","53,887","101,217","61,449"
6412,10,กรุงเทพมหานคร,1016,บางกอกใหญ่,0, ,0, ,"29,283","33,367","62,650","32,521"
6412,10,กรุงเทพมหานคร,1017,ห้วยขวาง,0, ,0, ,"37,246","46,032","83,278","86,846"
6412,10,กรุงเทพมหานคร,1018,คลองสาน,0, ,0, ,"31,176","36,403","67,579","40,914"
6412,10,กรุงเทพมหานคร,1019,ตลิ่งชัน,0, ,0, ,"47,806","54,663","102,469","43,319"
6412,10,กรุงเทพมหานคร,1020,บางกอกน้อย,0, ,0, ,"47,817","53,694","101,511","51,364"
6412,10,กรุงเทพมหานคร,1021,บางขุนเทียน,0, ,0, ,"87,046","97,948","184,994","92,129"
6412,10,กรุงเทพมหานคร,1022,ภาษีเจริญ,0, ,0, ,"57,096","65,728","122,824","65,974"
6412,10,กรุงเทพมหานคร,1023,หนองแขม,0, ,0, ,"72,347","83,013","155,360","63,568"
6412,10,กรุงเทพมหานคร,1024,ราษฎร์บูรณะ,0, ,0, ,"36,852","40,657","77,509","38,059"
6412,10,กรุงเทพมหานคร,1025,บางพลัด,0, ,0, ,"40,151","48,139","88,290","57,812"
6412,10,กรุงเทพมหานคร,1026,ดินแดง,0, ,0, ,"51,754","61,060","112,814","63,891"
6412,10,กรุงเทพมหานคร,1027,บึงกุ่ม,0, ,0, ,"63,412","75,922","139,334","76,268"
6412,10,กรุงเทพมหานคร,1028,สาทร,0, ,0, ,"34,930","39,057","73,987","43,840"
6412,10,กรุงเทพมหานคร,1029,บางซื่อ,0, ,0, ,"55,921","64,797","120,718","76,659"
6412,10,กรุงเทพมหานคร,1030,จตุจักร,0, ,0, ,"71,058","83,088","154,146","129,790"
6412,10,กรุงเทพมหานคร,1031,บางคอแหลม,0, ,0, ,"38,217","42,761","80,978","40,393"
6412,10,กรุงเทพมหานคร,1032,ประเวศ,0, ,0, ,"85,211","96,421","181,632","93,842"
6412,10,กรุงเทพมหานคร,1033,คลองเตย,0, ,0, ,"43,403","48,233","91,636","78,678"
6412,10,กรุงเทพมหานคร,1034,สวนหลวง,0, ,0, ,"56,032","66,792","122,824","82,161"
6412,10,กรุงเทพมหานคร,1035,จอมทอง,0, ,0, ,"68,913","76,858","145,771","73,995"
6412,10,กรุงเทพมหานคร,1036,ดอนเมือง,0, ,0, ,"83,606","84,315","167,921","78,493"
6412,10,กรุงเทพมหานคร,1037,ราชเทวี,0, ,0, ,"32,260","35,475","67,735","54,612"
6412,10,กรุงเทพมหานคร,1038,ลาดพร้าว,0, ,0, ,"52,473","63,129","115,602","58,086"
6412,10,กรุงเทพมหานคร,1039,วัฒนา,0, ,0, ,"37,755","43,627","81,382","82,927"
6412,10,กรุงเทพมหานคร,1040,บางแค,0, ,0, ,"89,222","103,209","192,431","94,679"
6412,10,กรุงเทพมหานคร,1041,หลักสี่,0, ,0, ,"47,405","53,129","100,534","58,706"
6412,10,กรุงเทพมหานคร,1042,สายไหม,0, ,0, ,"96,935","109,896","206,831","106,948"
6412,10,กรุงเทพมหานคร,1043,คันนายาว,0, ,0, ,"44,604","51,032","95,636","46,218"
6412,10,กรุงเทพมหานคร,1044,สะพานสูง,0, ,0, ,"43,972","51,950","95,922","41,892"
6412,10,กรุงเทพมหานคร,1045,วังทองหลาง,0, ,0, ,"48,304","57,597","105,901","63,328"
6412,10,กรุงเทพมหานคร,1046,คลองสามวา,0, ,0, ,"97,295","109,142","206,437","88,145"
6412,10,กรุงเทพมหานคร,1047,บางนา,0, ,0, ,"40,379","46,674","87,053","72,310"
6412,10,กรุงเทพมหานคร,1048,ทวีวัฒนา,0, ,0, ,"36,457","42,341","78,798","34,905"
6412,10,กรุงเทพมหานคร,1049,ทุ่งครุ,0, ,0, ,"57,748","65,644","123,392","55,205"
6412,10,กรุงเทพมหานคร,1050,บางบอน,0, ,0, ,"48,980","53,655","102,635","51,099"
6512,10,กรุงเทพมหานคร,1001,พระนคร,0, ,0, ,"20,076","21,570","41,646","19,100"
6512,10,กรุงเทพมหานคร,1002,ดุสิต,0, ,0, ,"42,104","36,498","78,602","32,404"
6512,10,กรุงเทพมหานคร,1003,หนองจอก,0, ,0, ,"88,111","93,256","181,367","71,054"
6512,10,กรุงเทพมหานคร,1004,บางรัก,0, ,0, ,"20,616","23,298","43,914","35,399"
6512,10,กรุงเทพมหานคร,1005,บางเขน,0, ,0, ,"86,668","98,701","185,369","116,209"
6512,10,กรุงเทพมหานคร,1006,บางกะปิ,0, ,0, ,"64,164","77,325","141,489","112,795"
6512,10,กรุงเทพมหานคร,1007,ปทุมวัน,0, ,0, ,"19,195","21,649","40,844","32,169"
6512,10,กรุงเทพมหานคร,1008,ป้อมปราบศัตรูพ่าย,0, ,0, ,"19,194","20,116","39,310","19,608"
6512,10,กรุงเทพมหานคร,1009,พระโขนง,0, ,0, ,"38,717","47,573","86,290","62,527"
6512,10,กรุงเทพมหานคร,1010,มีนบุรี,0, ,0, ,"66,401","74,629","141,030","63,794"
6512,10,กรุงเทพมหานคร,1011,ลาดกระบัง,0, ,0, ,"84,335","94,015","178,350","102,711"
6512,10,กรุงเทพมหานคร,1012,ยานนาวา,0, ,0, ,"34,283","39,831","74,114","53,724"
6512,10,กรุงเทพมหานคร,1013,สัมพันธวงศ์,0, ,0, ,"9,784","10,384","20,168","13,179"
6512,10,กรุงเทพมหานคร,1014,พญาไท,0, ,0, ,"31,964","33,311","65,275","45,733"
6512,10,กรุงเทพมหานคร,1015,ธนบุรี,0, ,0, ,"46,455","53,136","99,591","61,415"
6512,10,กรุงเทพมหานคร,1016,บางกอกใหญ่,0, ,0, ,"28,734","32,845","61,579","32,974"
6512,10,กรุงเทพมหานคร,1017,ห้วยขวาง,0, ,0, ,"37,269","46,224","83,493","89,332"
6512,10,กรุงเทพมหานคร,1018,คลองสาน,0, ,0, ,"30,579","35,768","66,347","42,118"
6512,10,กรุงเทพมหานคร,1019,ตลิ่งชัน,0, ,0, ,"47,445","54,357","101,802","43,891"
6512,10,กรุงเทพมหานคร,1020,บางกอกน้อย,0, ,0, ,"46,725","53,004","99,729","52,288"
6512,10,กรุงเทพมหานคร,1021,บางขุนเทียน,0, ,0, ,"86,851","97,954","184,805","93,312"
6512,10,กรุงเทพมหานคร,1022,ภาษีเจริญ,0, ,0, ,"56,557","65,513","122,070","66,651"
6512,10,กรุงเทพมหานคร,1023,หนองแขม,0, ,0, ,"72,154","83,089","155,243","64,392"
6512,10,กรุงเทพมหานคร,1024,ราษฎร์บูรณะ,0, ,0, ,"36,403","40,187","76,590","38,263"
6512,10,กรุงเทพมหานคร,1025,บางพลัด,0, ,0, ,"39,666","47,809","87,475","59,492"
6512,10,กรุงเทพมหานคร,1026,ดินแดง,0, ,0, ,"50,866","60,186","111,052","64,140"
6512,10,กรุงเทพมหานคร,1027,บึงกุ่ม,0, ,0, ,"62,753","75,297","138,050","76,666"
6512,10,กรุงเทพมหานคร,1028,สาทร,0, ,0, ,"34,337","38,311","72,648","43,854"
6512,10,กรุงเทพมหานคร,1029,บางซื่อ,0, ,0, ,"55,183","64,248","119,431","77,645"
6512,10,กรุงเทพมหานคร,1030,จตุจักร,0, ,0, ,"70,682","83,110","153,792","133,963"
6512,10,กรุงเทพมหานคร,1031,บางคอแหลม,0, ,0, ,"37,207","41,888","79,095","40,806"
6512,10,กรุงเทพมหานคร,1032,ประเวศ,0, ,0, ,"85,675","97,309","182,984","95,188"
6512,10,กรุงเทพมหานคร,1033,คลองเตย,0, ,0, ,"42,733","47,713","90,446","79,410"
6512,10,กรุงเทพมหานคร,1034,สวนหลวง,0, ,0, ,"55,897","66,779","122,676","82,934"
6512,10,กรุงเทพมหานคร,1035,จอมทอง,0, ,0, ,"67,651","75,679","143,330","74,375"
6512,10,กรุงเทพมหานคร,1036,ดอนเมือง,0, ,0, ,"82,397","83,892","166,289","79,816"
6512,10,กรุงเทพมหานคร,1037,ราชเทวี,0, ,0, ,"31,461","34,818","66,279","57,243"
6512,10,กรุงเทพมหานคร,1038,ลาดพร้าว,0, ,0, ,"51,811","62,464","114,275","58,302"
6512,10,กรุงเทพมหานคร,1039,วัฒนา,0, ,0, ,"37,429","43,401","80,830","84,722"
6512,10,กรุงเทพมหานคร,1040,บางแค,0, ,0, ,"89,032","103,221","192,253","96,515"
6512,10,กรุงเทพมหานคร,1041,หลักสี่,0, ,0, ,"47,741","52,619","100,360","59,484"
6512,10,กรุงเทพมหานคร,1042,สายไหม,0, ,0, ,"97,699","111,229","208,928","109,011"
6512,10,กรุงเทพมหานคร,1043,คันนายาว,0, ,0, ,"44,461","51,062","95,523","46,722"
6512,10,กรุงเทพมหานคร,1044,สะพานสูง,0, ,0, ,"44,095","52,116","96,211","42,485"
6512,10,กรุงเทพมหานคร,1045,วังทองหลาง,0, ,0, ,"47,583","56,895","104,478","64,109"
6512,10,กรุงเทพมหานคร,1046,คลองสามวา,0, ,0, ,"98,320","110,800","209,120","90,104"
6512,10,กรุงเทพมหานคร,1047,บางนา,0, ,0, ,"39,835","46,320","86,155","73,052"
6512,10,กรุงเทพมหานคร,1048,ทวีวัฒนา,0, ,0, ,"36,653","42,575","79,228","35,482"
6512,10,กรุงเทพมหานคร,1049,ทุ่งครุ,0, ,0, ,"57,842","65,919","123,761","55,959"
6512,10,กรุงเทพมหานคร,1050,บางบอน,0, ,0, ,"48,181","53,065","101,246","51,344"
6612,10,กรุงเทพมหานคร,1001,พระนคร,0, ,0, ,"19,439","20,815","40,254","19,042"
6612,10,กรุงเทพมหานคร,1002,ดุสิต,0, ,0, ,"40,238","35,576","75,814","32,601"
6612,10,กรุงเทพมหานคร,1003,หนองจอก,0, ,0, ,"89,388","94,750","184,138","73,048"
6612,10,กรุงเทพมหานคร,1004,บางรัก,0, ,0, ,"20,114","22,807","42,921","35,410"
6612,10,กรุงเทพมหานคร,1005,บางเขน,0, ,0, ,"86,030","98,581","184,611","117,364"
6612,10,กรุงเทพมหานคร,1006,บางกะปิ,0, ,0, ,"64,035","77,325","141,360","114,722"
6612,10,กรุงเทพมหานคร,1007,ปทุมวัน,0, ,0, ,"18,868","21,209","40,077","32,138"
6612,10,กรุงเทพมหานคร,1008,ป้อมปราบศัตรูพ่าย,0, ,0, ,"18,579","19,521","38,100","19,619"
6612,10,กรุงเทพมหานคร,1009,พระโขนง,0, ,0, ,"38,329","47,367","85,696","63,570"
6612,10,กรุงเทพมหานคร,1010,มีนบุรี,0, ,0, ,"66,423","74,595","141,018","65,464"
6612,10,กรุงเทพมหานคร,1011,ลาดกระบัง,0, ,0, ,"84,999","94,900","179,899","105,461"
6612,10,กรุงเทพมหานคร,1012,ยานนาวา,0, ,0, ,"33,899","39,517","73,416","53,804"
6612,10,กรุงเทพมหานคร,1013,สัมพันธวงศ์,0, ,0, ,"9,485","10,061","19,546","13,176"
6612,10,กรุงเทพมหานคร,1014,พญาไท,0, ,0, ,"31,042","32,995","64,037","45,792"
6612,10,กรุงเทพมหานคร,1015,ธนบุรี,0, ,0, ,"45,771","52,515","98,286","61,682"
6612,10,กรุงเทพมหานคร,1016,บางกอกใหญ่,0, ,0, ,"28,204","32,471","60,675","32,989"
6612,10,กรุงเทพมหานคร,1017,ห้วยขวาง,0, ,0, ,"37,345","46,347","83,692","92,916"
6612,10,กรุงเทพมหานคร,1018,คลองสาน,0, ,0, ,"29,875","35,086","64,961","42,133"
6612,10,กรุงเทพมหานคร,1019,ตลิ่งชัน,0, ,0, ,"47,149","54,181","101,330","44,465"
6612,10,กรุงเทพมหานคร,1020,บางกอกน้อย,0, ,0, ,"45,674","52,354","98,028","54,010"
6612,10,กรุงเทพมหานคร,1021,บางขุนเทียน,0, ,0, ,"86,943","98,216","185,159","94,280"
6612,10,กรุงเทพมหานคร,1022,ภาษีเจริญ,0, ,0, ,"56,262","65,571","121,833","68,956"
6612,10,กรุงเทพมหานคร,1023,หนองแขม,0, ,0, ,"71,962","83,162","155,124","65,367"
6612,10,กรุงเทพมหานคร,1024,ราษฎร์บูรณะ,0, ,0, ,"35,863","39,671","75,534","38,962"
6612,10,กรุงเทพมหานคร,1025,บางพลัด,0, ,0, ,"39,439","47,766","87,205","59,630"
6612,10,กรุงเทพมหานคร,1026,ดินแดง,0, ,0, ,"50,113","59,689","109,802","64,834"
6612,10,กรุงเทพมหานคร,1027,บึงกุ่ม,0, ,0, ,"62,314","74,811","137,125","77,044"
6612,10,กรุงเทพมหานคร,1028,สาทร,0, ,0, ,"33,606","37,700","71,306","45,052"
6612,10,กรุงเทพมหานคร,1029,บางซื่อ,0, ,0, ,"54,698","63,936","118,634","78,240"
6612,10,กรุงเทพมหานคร,1030,จตุจักร,0, ,0, ,"70,456","83,547","154,003","137,877"
6612,10,กรุงเทพมหานคร,1031,บางคอแหลม,0, ,0, ,"36,489","41,184","77,673","40,879"
6612,10,กรุงเทพมหานคร,1032,ประเวศ,0, ,0, ,"85,937","97,956","183,893","97,044"
6612,10,กรุงเทพมหานคร,1033,คลองเตย,0, ,0, ,"42,264","47,250","89,514","80,552"
6612,10,กรุงเทพมหานคร,1034,สวนหลวง,0, ,0, ,"56,017","66,977","122,994","85,273"
6612,10,กรุงเทพมหานคร,1035,จอมทอง,0, ,0, ,"66,564","74,534","141,098","74,464"
6612,10,กรุงเทพมหานคร,1036,ดอนเมือง,0, ,0, ,"82,085","83,856","165,941","82,504"
6612,10,กรุงเทพมหานคร,1037,ราชเทวี,0, ,0, ,"30,392","34,076","64,468","58,039"
6612,10,กรุงเทพมหานคร,1038,ลาดพร้าว,0, ,0, ,"51,323","61,874","113,197","58,514"
6612,10,กรุงเทพมหานคร,1039,วัฒนา,0, ,0, ,"37,258","43,257","80,515","85,834"
6612,10,กรุงเทพมหานคร,1040,บางแค,0, ,0, ,"88,840","103,394","192,234","97,036"
6612,10,กรุงเทพมหานคร,1041,หลักสี่,0, ,0, ,"46,308","52,069","98,377","61,013"
6612,10,กรุงเทพมหานคร,1042,สายไหม,0, ,0, ,"98,552","112,402","210,954","111,381"
6612,10,กรุงเทพมหานคร,1043,คันนายาว,0, ,0, ,"44,258","50,943","95,201","47,803"
6612,10,กรุงเทพมหานคร,1044,สะพานสูง,0, ,0, ,"44,428","52,633","97,061","43,293"
6612,10,กรุงเทพมหานคร,1045,วังทองหลาง,0, ,0, ,"46,968","56,488","103,456","64,542"
6612,10,กรุงเทพมหานคร,1046,คลองสามวา,0, ,0, ,"99,493","112,523","212,016","92,321"
6612,10,กรุงเทพมหานคร,1047,บางนา,0, ,0, ,"39,291","46,054","85,345","74,932"
6612,10,กรุงเทพมหานคร,1048,ทวีวัฒนา,0, ,0, ,"36,811","42,960","79,771","36,186"
6612,10,กรุงเทพมหานคร,1049,ทุ่งครุ,0, ,0, ,"57,975","66,118","124,093","56,853"
6612,10,กรุงเทพมหานคร,1050,บางบอน,0, ,0, ,"47,631","52,572","100,203","53,510"
